encoder,algorithm,rmse_mean,rmse_std
OneHotEncoder,Ridge,29115.016348345234,6020.964666845567
OneHotEncoder,RandomForest,25963.679727534814,2366.8363043505947
TargetEncoder,Ridge,30020.70555788069,4969.473013528266
TargetEncoder,RandomForest,25685.208849335526,2291.636821987151
OrdinalEncoder,Ridge,32002.962795443087,5690.593187052315
OrdinalEncoder,RandomForest,25892.26426512337,2359.1126916484145
